Trip Number,Purpose,Vehicle class,Trip type,Passengers,Date of enquiry,Leg 1 start date,Distance in kms,Travel time minutes,Total time elapsed(hours),Trip starts before 7 am,Trip ends after 6pm,Supplier id,Supplier Quote(including GST),Total google distance to the closest depot,Closest depot,Closest city id,Closest city Google distance(km)
#090520213,Wedding,Budget,One Way,35,05/09/2021,12/03/2022,23.183,21,0.35,No,Yes,317,431.25,29,694,426,24.3
#100120215,Other,Budget,Return,25,01/10/2021,23/10/2021,32.554,36,5.37,No,Yes,310,517.5,4,696,436,3.0
#092120217,Hen or Stag Do,Budget,Return,15,21/09/2021,30/10/2021,110.21,84,7.45,No,Yes,223,889.04,8,747,437,0.5
#070820216,Sports Game,Standard,Return,70,08/07/2021,24/10/2021,15.513,25,7.72,No,No,325,1518,10,742,455,4.5
#092120211,Corporate Event,Budget,Return,53,21/09/2021,17/12/2021,14.301,26,3.18,No,No,364,490,42,875,432,2.4
#092020212,Hen or Stag Do,Standard,Return,20,20/09/2021,27/11/2021,87.295,78,8.78,No,Yes,221,1020,99,826,453,2.2
#0913202112,Other,Budget,Return,20,13/09/2021,26/09/2021,53.29,64,8.52,No,No,308,490,8,700,519,3.3
#090620211,Christmas Party,Luxury,Return,53,06/09/2021,09/12/2021,544.835,447,31.95,Yes,No,331,3225,6,752,438,3.2
#090520215,Wedding,Standard,Return,28,05/09/2021,29/10/2021,27.478,42,2.4,No,Yes,308,690,18,701,429,0.3
#021420214,Wedding,Budget,Return,53,14/02/2021,12/02/2022,38.71,49,10.15,No,No,317,744.13,12,694,426,19.4
#0819202113,Family Trip,Budget,Return,30,19/08/2021,23/10/2021,11.687,14,5.12,No,Yes,246,600,160,769,507,2.6
#081720211,Sports Game,Budget,Return,40,17/08/2021,21/08/2021,34.644,29,2.25,No,No,223,437,32,746,467,4.4
#072220215,Wedding,Standard,Return,53,22/07/2021,10/12/2021,91.63,85,11.62,No,Yes,317,1153.98,14,695,426,12.2
#0719202122,Corporate Event,Budget,Return,50,19/07/2021,03/12/2021,49.112,41,6.92,No,No,211,800,44,773,426,1.2
#080620211,Corporate Event,Standard,Return,65,06/08/2021,10/09/2021,15.448,29,5.48,No,Yes,310,650,10,696,436,3.7
#0719202113,Corporate Event,Standard,Return,70,19/07/2021,01/09/2021,13.41,26,3.73,No,No,364,980,50,875,432,0.1
#0719202113,Corporate Event,Standard,Return,70,19/07/2021,01/09/2021,13.41,26,3.73,No,No,323,1458.2,10,740,432,0.1
#070920211,Hen or Stag Do,Budget,Return,45,09/07/2021,21/08/2021,9.516,20,3.17,No,No,310,240,4,696,436,2.1
#070620213,School Trip,Standard,Return,40,06/07/2021,28/08/2021,1063.633,796,87.67,Yes,Yes,323,5296.9,10,740,432,1.0
#062920218,Wedding,Standard,Return,36,29/06/2021,13/11/2021,15.418,18,7.15,No,Yes,341,500,38,829,489,1.2
#070120213,Corporate Event,Standard,Return,20,01/07/2021,07/08/2021,154.677,113,6.95,No,Yes,207,965,236,800,515,9.8
#062920215,Christmas Party,Standard,Return,53,29/06/2021,12/11/2021,38.22,40,6.83,No,Yes,314,700,6,714,452,2.5
#061620213,Sports Game,Standard,Return,95,16/06/2021,29/09/2021,264.223,200,47.65,No,No,319,6074.3,16,735,461,9.6
#0609202113,Corporate Event,Budget,Return,180,09/06/2021,25/07/2021,9.146,24,5.43,No,Yes,323,1252.35,10,740,432,0.9
#0623202110,Wedding,Budget,Return,60,23/06/2021,08/05/2022,45.827,35,22.3,Yes,No,314,906,46,718,476,2.6
#061820215,Corporate Event,Standard,One Way,90,18/06/2021,02/07/2021,4.16,12,0.2,No,No,211,1550,44,773,426,3.6
#061620218,Wedding,Standard,Return,50,16/06/2021,09/12/2021,28.319,33,9.77,No,No,192,1200,148,772,426,41.9
#061720212,School Trip,Standard,Return,49,17/06/2021,10/07/2021,16.138,27,2.72,No,No,343,750,12,758,452,3.4
#061720212,School Trip,Standard,Return,49,17/06/2021,10/07/2021,16.138,27,2.72,No,No,314,546,6,715,452,3.4
#053120211,Club or Society,Standard,Return,40,31/05/2021,16/07/2021,4.332,10,2.57,No,Yes,319,985,10,735,461,2.3
#060920212,Business Travel,Standard,Return,19,09/06/2021,25/06/2021,15.849,25,5.2,No,No,343,550,16,758,452,5.3
#060920211,Other,Budget,Return,35,09/06/2021,25/06/2021,39.812,46,7.37,No,No,343,600,38,758,476,4.1
#052620213,Club or Society,Standard,Return,40,26/05/2021,19/06/2021,13.265,22,3.18,No,No,343,460,6,758,529,10.3
#051720211,Corporate Event,Standard,Return,13,17/05/2021,11/06/2021,289.36,228,9.9,No,Yes,325,909.65,10,742,455,5.7
#051920212,Sports Game,Budget,Return,22,19/05/2021,05/06/2021,162.811,131,11.08,No,Yes,192,1035,30,772,426,18.0
#051120219,Wedding,Standard,Return,53,11/05/2021,13/01/2022,64.276,58,8.98,No,Yes,326,1025.8,48,745,426,1.6
#051020212,Corporate Event,Budget,Return,25,10/05/2021,12/06/2021,77.875,63,5.03,No,Yes,311,450,2,703,449,1.1
#051320217,Other,Budget,Return,16,13/05/2021,29/05/2021,88.864,88,4.73,No,Yes,331,950,80,748,496,13.7
#051320213,Corporate Event,Standard,Return,24,13/05/2021,29/05/2021,163.784,128,7.08,No,No,319,980,2,735,461,7.5
#050320218,Other,Standard,Return,30,03/05/2021,24/05/2021,163.288,142,14.18,No,Yes,323,1009.7,10,740,432,0.6
#031120218,Corporate Event,Budget,Return,16,11/03/2021,19/05/2021,179.632,148,5.73,No,Yes,318,735,10,693,451,0.9
#050320213,Other,Standard,Return,21,03/05/2021,23/05/2021,137.219,101,3.85,No,No,211,520,48,773,426,1.3
#050120215,Other,Budget,Return,15,01/05/2021,08/05/2021,95.165,89,9.23,No,No,313,790,48,720,552,9.6
#041220219,Other,Budget,Return,18,12/04/2021,02/09/2021,34.098,40,3.33,No,No,315,410,14,722,438,5.6
#042820212,Other,Budget,Return,17,28/04/2021,29/05/2021,6.049,13,2.1,No,No,251,178.25,24,770,443,6.8
#042720212,Sports Game,Budget,Return,30,27/04/2021,15/05/2021,541.712,401,12.83,No,Yes,311,1750,8,703,449,2.9
#042720211,Other,Budget,Return,10,27/04/2021,15/05/2021,170.931,155,6.83,No,No,323,727.95,6,740,432,2.3
#040720214,Wedding,Standard,Return,100,07/04/2021,01/04/2022,28.292,25,11.23,No,No,361,1100,2,873,484,0.0
#042620213,School Trip,Standard,Return,35,26/04/2021,01/05/2021,374.168,314,13.62,No,Yes,207,1660,118,800,426,18.5
#042620211,Other,Luxury,Return,16,26/04/2021,08/05/2021,41.936,39,3.57,No,Yes,207,350,122,800,426,22.3
#042320213,Educational Trip,Budget,Return,39,23/04/2021,13/05/2021,163.173,115,7.43,No,No,207,825,188,800,483,0.8
#042320211,Educational Trip,Standard,Return,20,23/04/2021,18/05/2021,581.687,448,78.2,No,No,246,4175,154,769,507,1.4
#042220215,Other,Luxury,One Way,9,22/04/2021,08/05/2021,21.752,29,0.48,Yes,No,326,349.6,46,745,426,20.6
#042220212,Other,Luxury,One Way,15,22/04/2021,22/05/2021,20.191,22,0.37,Yes,No,207,600,105,800,426,21.2
#0420202114,Corporate Event,Standard,Return,12,20/04/2021,21/11/2021,175.821,161,26.37,No,No,323,1007.4,4,740,432,6.5
#0420202111,Business Travel,Standard,Return,20,20/04/2021,05/05/2021,321.266,258,50.65,No,No,326,2396.6,32,745,426,18.0
#041920217,School Trip,Budget,Return,100,19/04/2021,29/04/2021,3.078,5,5.03,No,No,311,345,4,703,449,3.3
#042020213,Sports Game,Budget,Return,30,20/04/2021,24/04/2021,259.126,201,12.15,No,Yes,251,1058,92,770,538,0.4
#0419202113,Family Trip,Budget,One Way,50,19/04/2021,01/05/2021,32.238,32,0.53,No,No,326,644,86,745,426,18.3
#0419202115,School Trip,Budget,Return,40,19/04/2021,01/05/2021,378.766,321,11.18,No,Yes,326,1567.45,12,745,426,18.5
#041720212,School Trip,Standard,Return,50,17/04/2021,04/05/2021,101.348,84,6.2,No,No,343,775,20,758,529,0.2
#041320211,Business Travel,Budget,Return,25,13/04/2021,20/04/2021,30.654,30,1.5,No,No,211,300,36,773,426,14.3
#0412202112,Club or Society,Standard,Return,21,12/04/2021,19/04/2021,63.937,57,5.72,No,Yes,326,621,24,745,426,21.5
#041220217,Corporate Event,Standard,Return,57,12/04/2021,23/04/2021,30.244,37,2.8,No,No,251,471.5,0,770,443,6.6
#041220215,Other,Budget,Return,20,12/04/2021,01/05/2021,306.592,269,11.23,No,Yes,314,1440,0,715,452,4.8
#033120215,Corporate Event,Standard,Return,150,31/03/2021,11/05/2021,12.71,17,2.63,No,No,331,1125,38,748,467,5.3
#033120215,Corporate Event,Standard,Return,150,31/03/2021,11/05/2021,12.71,17,2.63,No,No,223,1389.2,32,746,467,5.3
#041120218,Other,Standard,One Way,20,11/04/2021,18/04/2021,11.012,14,0.23,No,No,251,310.5,18,770,443,8.1
#041120211,Sports Game,Luxury,Return,18,11/04/2021,17/04/2021,113.872,102,5.83,No,Yes,323,738.3,40,740,487,2.1
#040920214,School Trip,Budget,One Way,50,09/04/2021,17/04/2021,6.485,12,0.2,No,No,326,552,17,745,426,16.8
#040820215,Other,Luxury,One Way,30,08/04/2021,28/04/2021,98.285,70,1.17,No,No,326,2811.75,142,745,533,9.7
#040920212,Family Trip,Standard,Return,14,09/04/2021,19/04/2021,288.898,236,11.95,No,Yes,325,926.9,10,742,455,3.9
#040720214,Wedding,Standard,Return,100,07/04/2021,01/04/2022,28.292,25,11.23,No,No,223,3065.555,100,747,484,0.0
#030320219,Other,Luxury,One Way,30,03/03/2021,13/08/2021,0.231,0,0,No,Yes,312,90,14,698,512,2.2
#040820211,Sports Game,Standard,One Way,30,08/04/2021,17/04/2021,108.578,96,10.28,No,Yes,326,917.7,30,745,426,4.1
#040720218,Family Trip,Budget,Return,19,07/04/2021,18/04/2021,86.552,88,6.73,No,No,308,563.5,16,701,429,0.3
#040520216,Executive Travel,Budget,One Way,30,05/04/2021,22/04/2021,1.725,6,0.1,No,Yes,311,200,4,703,449,2.8
#0304202112,Wedding,Standard,Return,110,04/03/2021,15/01/2022,36.913,42,10.62,No,No,310,1160,6,696,436,2.3
#040520212,Other,Budget,One Way,60,05/04/2021,18/04/2021,25.756,25,0.42,Yes,No,314,525,48,718,476,4.3
#040320214,Wedding,Budget,One Way,30,03/04/2021,24/04/2021,24.828,22,0.37,No,Yes,349,320,28,870,461,20.0
#040320213,Club or Society,Budget,Return,40,03/04/2021,17/04/2021,17.593,30,3.23,No,No,311,425,2,703,449,3.2
#040220215,Club or Society,Luxury,One Way,40,02/04/2021,23/04/2021,1.141,2,0.03,No,Yes,251,368,1,770,443,5.7
#033120214,Educational Trip,Standard,Return,65,31/03/2021,15/04/2021,54.7,60,2.23,No,No,211,800,8,773,533,17.1
#033120212,Corporate Event,Standard,One Way,40,31/03/2021,13/04/2021,34.723,35,0.58,No,No,326,556.6,106,745,426,16.1
#033020213,Educational Trip,Standard,Return,23,30/03/2021,19/04/2021,9.108,17,4.63,No,No,326,454.25,22,745,426,9.3
#0311202111,Wedding,Budget,Return,50,11/03/2021,06/02/2022,50.416,56,12.45,No,No,223,700,30,746,467,5.0
#0311202111,Wedding,Budget,Return,50,11/03/2021,06/02/2022,50.416,56,12.45,No,No,332,1518,8,768,467,5.0
#032920215,Other,Budget,Return,25,29/03/2021,24/04/2021,278.745,227,9.38,No,Yes,349,832.6,34,870,461,5.3
#032920212,Other,Budget,Return,69,29/03/2021,16/04/2021,47.523,43,8.35,No,No,323,1334,12,740,432,1.6
#032820213,Corporate Event,Budget,One Way,28,28/03/2021,17/04/2021,8.891,13,0.22,No,No,325,201.25,9,742,455,4.2
#032720212,Other,Budget,Return,7,27/03/2021,25/04/2021,47.281,42,5.1,No,No,308,350,6,701,429,6.4
#032620215,Family Trip,Luxury,Return,10,26/03/2021,24/04/2021,125.777,127,5.57,No,No,326,454.25,72,745,506,27.2
#0316202118,Wedding,Budget,Return,50,16/03/2021,23/10/2021,46.783,52,10.42,No,No,235,700,32,795,517,6.5
#0316202118,Wedding,Budget,Return,50,16/03/2021,23/10/2021,46.783,52,10.42,No,No,206,483,20,853,517,6.5
#032620211,School Trip,Luxury,Return,25,26/03/2021,16/04/2021,10.026,23,3.18,No,No,326,419.75,20,745,533,21.6
#0316202118,Wedding,Budget,Return,50,16/03/2021,23/10/2021,46.783,52,10.42,No,No,313,1020.2,22,720,517,6.5
#032420218,Family Trip,Standard,One Way,20,24/03/2021,09/04/2021,139.181,112,1.87,No,No,251,793.5,140,770,443,1.5
#0316202118,Wedding,Budget,Return,50,16/03/2021,23/10/2021,46.783,52,10.42,No,No,351,989,40,765,517,6.5
#032420216,Club or Society,Budget,One Way,40,24/03/2021,03/04/2021,7.907,13,0.22,No,No,311,250,8,703,449,1.8
#032420214,Other,Standard,One Way,23,24/03/2021,09/04/2021,23.312,22,0.37,No,No,326,442.75,35,745,533,18.0
#032320215,Corporate Event,Standard,Return,35,23/03/2021,07/04/2021,13.784,19,4.4,No,Yes,331,385,28,748,547,0.1
#032220213,Educational Trip,Standard,Return,35,22/03/2021,04/06/2021,42.207,45,2.62,No,No,326,488.75,6,745,426,21.1
#032120213,Educational Trip,Standard,Return,55,21/03/2021,16/04/2021,54.624,63,5.02,No,No,326,754.4,62,745,426,9.4
#032020212,Concert,Luxury,Return,6,20/03/2021,30/09/2021,744.491,569,57.73,No,Yes,223,3924.95,8,747,437,0.0
#031920215,Educational Trip,Budget,Return,17,19/03/2021,21/04/2021,31.504,36,2.57,No,No,314,802,32,715,499,11.8
#0316202119,Club or Society,Budget,Return,30,16/03/2021,17/04/2021,308.88,250,13.6,No,Yes,318,1870,8,693,451,0.0
#031420213,Other,Budget,One Way,10,14/03/2021,10/04/2021,26.56,23,0.38,No,No,207,160,174,800,533,6.6
#031720214,Other,Budget,Return,50,17/03/2021,15/04/2021,1258.19,917,103.58,Yes,No,326,6391.7,32,745,426,18.1
#031820217,School Trip,Budget,Return,25,18/03/2021,22/04/2021,15.241,24,3.2,No,No,308,207,6,701,429,7.0
#031820216,School Trip,Budget,Return,25,18/03/2021,21/04/2021,14.692,22,2.68,No,No,308,207,6,701,429,7.0
#031820215,Other,Budget,One Way,60,18/03/2021,12/04/2021,17.92,20,0.33,No,No,211,400,37,773,426,22.5
#031820214,Educational Trip,Standard,Return,22,18/03/2021,16/04/2021,45.88,39,4.32,No,No,207,330,122,800,426,20.0
#031720217,Club or Society,Budget,Return,50,17/03/2021,01/04/2021,239.779,178,96.98,No,No,207,2100,126,800,426,22.1
#031720216,Sports Game,Luxury,Return,50,17/03/2021,05/10/2021,1282.493,942,119.83,No,No,326,7601.5,36,745,426,11.4
#031720212,Sports Game,Standard,Return,30,17/03/2021,01/04/2021,888.788,665,102.53,No,No,326,6965.55,29,745,426,2.8
#0304202114,Corporate Event,Budget,Return,18,04/03/2021,01/05/2021,51.012,49,4.38,No,No,211,400,48,773,426,1.7
#0316202112,Corporate Event,Budget,Return,15,16/03/2021,08/04/2021,70.44,66,6.05,No,No,323,584.2,10,740,432,0.5
#0316202111,Other,Budget,Return,60,16/03/2021,17/04/2021,39.676,36,18.78,No,No,325,631.93,4,742,455,0.4
#031620218,Corporate Event,Budget,One Way,110,16/03/2021,26/03/2021,3.603,6,0.1,No,No,326,1328.25,35,745,426,0.7
#0315202110,Wedding,Standard,Return,19,15/03/2021,03/04/2021,11.441,18,6.9,No,Yes,325,402.5,6,742,455,0.9
#031520216,Corporate Event,Luxury,Return,50,15/03/2021,20/03/2021,37.309,46,3.12,No,No,310,720,20,696,436,12.2
#031220214,Corporate Event,Standard,Return,30,12/03/2021,14/04/2021,160.203,117,8.22,No,Yes,310,950,10,696,436,4.2
#0304202114,Corporate Event,Budget,Return,18,04/03/2021,01/05/2021,51.012,49,4.38,No,No,326,552,48,745,426,1.7
#031220212,Corporate Event,Budget,One Way,31,12/03/2021,19/03/2021,22.438,19,0.32,No,Yes,192,535,107,772,426,18.6
#030520212,Other,Luxury,Return,30,05/03/2021,05/06/2021,120.073,103,6.37,No,No,308,402.5,16,701,429,0.0
#0311202110,Sports Game,Budget,Return,33,11/03/2021,28/03/2021,111.31,95,12.82,No,Yes,326,830.99,120,745,506,8.5
#030920215,School Trip,Budget,Return,198,09/03/2021,19/03/2021,11.417,22,5.43,No,No,211,1990,64,773,426,10.6
#030920213,Wedding,Budget,Return,40,09/03/2021,03/04/2021,64.219,62,12.52,No,No,315,644,4,722,438,0.5
#030820211,Educational Trip,Standard,Return,40,08/03/2021,18/04/2021,943.806,748,36.73,Yes,Yes,211,3950,24,773,426,20.2
#030820212,Other,Budget,One Way,40,08/03/2021,19/03/2021,6.089,14,0.23,No,No,323,319.7,9,740,432,2.0
#030720217,School Trip,Budget,Return,60,07/03/2021,25/03/2021,18.7,34,2.78,No,Yes,326,747.5,36,745,426,12.3
#030720213,Other,Budget,Return,19,07/03/2021,13/03/2021,45.889,49,7.15,No,Yes,314,644,52,718,476,2.7
#0306202112,Club or Society,Standard,One Way,30,06/03/2021,02/04/2021,196.029,141,2.35,No,No,326,1351.25,200,745,506,34.8
#030520218,Sports Game,Luxury,Return,30,05/03/2021,27/03/2021,103.356,88,9.68,No,No,326,3139,3,745,426,23.1
#0304202116,Corporate Event,Budget,Return,9,04/03/2021,20/03/2021,134.738,112,14.18,No,No,318,950,8,693,451,0.9
#030520219,School Trip,Budget,Return,25,05/03/2021,31/03/2021,116.733,107,5.88,No,No,325,823.4,120,742,509,65.6
#030220215,Concert,Standard,Return,100,02/03/2021,03/04/2021,436.123,363,15.02,No,No,318,5200,115,693,549,16.1
#030420216,Wedding,Standard,One Way,30,04/03/2021,20/03/2021,42.448,35,0.58,No,Yes,349,451,58,870,461,54.4
#0303202113,Business Travel,Standard,Return,12,03/03/2021,01/05/2021,320.758,229,60.9,No,Yes,326,1721.55,46,745,426,0.7
#030320218,Other,Budget,Return,37,03/03/2021,04/04/2021,112.638,107,6.4,No,Yes,343,725,22,758,529,10.2
#030320217,Other,Luxury,Return,20,03/03/2021,17/04/2021,131.269,131,10.1,Yes,No,310,803,2,696,436,2.5
#030320211,Corporate Event,Standard,Return,23,03/03/2021,28/04/2021,32.339,43,36.35,No,Yes,211,520,22,773,426,25.9
#030220217,Educational Trip,Budget,Return,34,02/03/2021,08/03/2021,3.631,6,2.03,No,No,354,220,6,726,467,4.6
#030120212,Seniors Trip,Luxury,Return,30,01/03/2021,08/04/2021,146.731,116,5.22,No,No,314,651,46,718,476,1.2
#022820213,Other,Budget,One Way,30,28/02/2021,06/03/2021,47.621,41,0.68,No,Yes,251,333.5,58,770,538,6.0
#022620213,Wedding,Budget,Return,30,26/02/2021,10/04/2021,60.995,56,3.97,No,Yes,202,747.5,40,809,426,3.9
#022620214,Other,Budget,Return,20,26/02/2021,06/03/2021,71.279,62,6,No,No,323,489.325,8,740,432,0.9
#021920211,Concert,Budget,Return,13,19/02/2021,27/03/2021,103.131,85,7.95,No,No,207,575,200,800,483,10.7
#022520214,Seniors Trip,Budget,Return,40,25/02/2021,15/03/2021,21.618,29,3.23,No,No,326,471.5,28,745,426,10.4
#021920211,Concert,Budget,Return,13,19/02/2021,27/03/2021,103.131,85,7.95,No,No,314,832,98,716,483,10.7
#022520212,Sports Game,Luxury,Return,40,25/02/2021,14/03/2021,132.799,114,14.98,No,Yes,326,667,116,745,506,6.8
#0224202113,School Trip,Budget,Return,30,24/02/2021,23/03/2021,64.833,53,9.45,No,No,326,768.2,66,745,426,12.1
#0224202114,Other,Budget,Return,100,24/02/2021,06/03/2021,44.544,41,5.08,No,No,323,1458.2,12,740,432,1.9
#022420219,Other,Budget,Return,50,24/02/2021,20/03/2021,69.759,64,10.52,No,Yes,323,931.5,76,740,488,0.5
#022420215,Hen or Stag Do,Budget,One Way,12,24/02/2021,06/03/2021,7.664,13,0.22,No,No,326,333.5,44,745,426,3.6
#022420212,School Trip,Budget,Return,29,24/02/2021,01/03/2021,34.992,39,4.07,No,No,313,600.53,20,720,517,3.9
#022320215,Corporate Event,Standard,Return,20,23/02/2021,20/03/2021,210.873,166,12.37,No,Yes,314,1096,6,714,452,3.6
#022320212,School Trip,Budget,Return,30,23/02/2021,14/03/2021,6.686,14,6.12,No,No,323,535.9,12,740,432,2.2
#022220215,Concert,Budget,Return,16,22/02/2021,27/03/2021,36.925,43,8.1,No,Yes,317,786.49,74,694,533,19.0
#021920211,Concert,Budget,Return,13,19/02/2021,27/03/2021,103.131,85,7.95,No,No,317,1087.09,146,694,483,10.7
#021820216,Airport Transfer,Standard,Return,53,18/02/2021,18/06/2021,45.667,56,48.48,No,No,323,784.3,4,740,432,6.8
#022120212,Other,Budget,Return,26,21/02/2021,13/03/2021,39.869,45,4.87,No,Yes,343,460,36,758,458,2.2
#022020213,Seniors Trip,Budget,Return,10,20/02/2021,09/04/2021,731.44,558,76.6,No,No,349,2139,18,870,461,0.0
#021920216,Corporate Event,Budget,One Way,60,19/02/2021,16/07/2021,5.601,10,0.17,No,Yes,311,300,6,703,449,4.6
#021820219,Concert,Luxury,Return,100,18/02/2021,11/03/2021,248.71,174,7.45,No,No,343,2530,8,758,452,3.2
#021920217,Other,Budget,One Way,50,19/02/2021,28/03/2021,56.537,48,0.8,No,No,326,747.5,61,745,426,22.2
#021920217,Other,Budget,One Way,50,19/02/2021,28/03/2021,56.537,48,0.8,No,No,211,700,73,773,426,22.2
#0218202110,Airport Transfer,Luxury,One Way,14,18/02/2021,28/05/2021,154.315,117,1.95,No,No,251,1288,165,770,443,1.8
#021820218,Corporate Event,Budget,Return,16,18/02/2021,16/03/2021,49.864,52,3.92,No,Yes,343,402.5,8,758,452,3.5
#021820218,Corporate Event,Budget,Return,16,18/02/2021,16/03/2021,49.864,52,3.92,No,Yes,314,395,6,714,452,3.5
#021820217,Other,Standard,One Way,54,18/02/2021,25/02/2021,1.514,4,0.07,No,No,326,552,47,745,426,0.7
#021820217,Other,Standard,One Way,54,18/02/2021,25/02/2021,1.514,4,0.07,No,No,211,395,45,773,426,0.7
#021720212,Corporate Event,Standard,One Way,23,17/02/2021,06/03/2021,13.369,19,0.32,No,Yes,192,375,65,772,426,13.9
#021720211,School Trip,Budget,One Way,58,17/02/2021,24/02/2021,13.705,12,0.2,No,No,323,149.5,26,740,432,2.1
#021620212,Corporate Event,Standard,Return,16,16/02/2021,25/02/2021,97.599,81,5.43,No,Yes,343,415,8,758,452,3.3
#021520215,Wedding,Standard,Return,50,15/02/2021,27/02/2021,31.033,30,4,No,No,343,475,4,758,452,3.7
#021520212,Corporate Event,Budget,Return,30,15/02/2021,05/03/2021,49.872,50,6.42,No,Yes,331,730.25,36,748,547,3.6
#021520211,Educational Trip,Luxury,One Way,30,15/02/2021,10/03/2021,150.992,126,2.1,No,No,331,1581.25,183,748,467,5.9
#021120211,Hen or Stag Do,Budget,Return,28,11/02/2021,27/02/2021,309.505,218,15.28,No,Yes,326,2102.2,24,745,426,7.7
#021420212,Educational Trip,Standard,One Way,30,14/02/2021,14/03/2021,23.754,26,0.43,No,No,326,563.5,48,745,533,18.5
#021420212,Educational Trip,Standard,One Way,30,14/02/2021,14/03/2021,23.754,26,0.43,No,No,211,345,27,773,533,18.5
#021420211,Other,Budget,Return,15,14/02/2021,20/03/2021,74.404,63,5.52,No,No,331,799.25,36,748,467,4.5
#021320215,Other,Budget,Return,16,13/02/2021,27/03/2021,73.977,80,3.42,No,Yes,326,563.5,46,745,426,22.0
#021220218,Other,Budget,Return,34,12/02/2021,06/03/2021,124.819,118,8.48,No,No,251,701.5,32,770,525,9.5
#021220217,Other,Budget,One Way,50,12/02/2021,13/03/2021,40.891,42,0.7,No,Yes,326,782,145,745,506,3.9
#021220217,Other,Budget,One Way,50,12/02/2021,13/03/2021,40.891,42,0.7,No,Yes,192,500,49,772,506,3.9
#021220211,Wedding,Standard,Return,40,12/02/2021,29/01/2022,58.987,63,9.27,No,No,318,775,18,693,451,5.9
#021120217,Other,Budget,Return,21,11/02/2021,27/02/2021,124.789,101,8.83,No,Yes,343,725,18,758,452,7.6
#021120213,Hen or Stag Do,Budget,Return,25,11/02/2021,20/03/2021,209.903,194,11.62,No,Yes,326,1222.45,56,745,426,7.0
#021120215,Educational Trip,Budget,Return,25,11/02/2021,16/02/2021,49.575,47,4.17,No,No,326,410.55,30,745,533,15.6
#021120214,Business Travel,Standard,Return,30,11/02/2021,25/02/2021,11.298,28,3.47,No,No,323,535.9,12,740,432,1.1
#021120212,Wedding,Budget,Return,110,11/02/2021,08/05/2021,81.246,72,11.27,No,No,343,2185,8,758,452,3.7
#021120212,Wedding,Budget,Return,110,11/02/2021,08/05/2021,81.246,72,11.27,No,No,314,1576,6,714,452,3.7
#020520219,Other,Standard,One Way,50,05/02/2021,27/03/2021,23.508,23,0.38,No,No,331,497,27,749,437,3.5
#020920217,Wedding,Standard,Return,25,09/02/2021,03/04/2021,13.744,17,9.9,No,Yes,251,316.25,46,770,525,3.3
#020920215,Other,Budget,Return,30,09/02/2021,01/04/2021,257.386,194,93.85,No,No,326,2180.4,36,745,426,17.4
#020920214,Club or Society,Budget,One Way,30,09/02/2021,26/02/2021,3.427,10,0.17,No,No,323,267.95,7,740,432,0.8
#020920214,Club or Society,Budget,One Way,30,09/02/2021,26/02/2021,3.427,10,0.17,No,No,301,320,57,777,432,0.8
#020920213,Tour,Standard,One Way,15,09/02/2021,22/02/2021,24.489,28,0.47,No,No,326,349.6,54,745,426,19.7
#020920213,Tour,Standard,One Way,15,09/02/2021,22/02/2021,24.489,28,0.47,No,No,192,555,127,772,426,19.7
#020920212,Business Travel,Standard,Return,35,09/02/2021,18/02/2021,66.342,59,7.48,No,Yes,323,805,12,740,432,1.1
#020820211,Wedding,Budget,Return,40,08/02/2021,17/04/2021,34.673,29,9.48,No,Yes,314,713,0,717,486,0.4
#020720213,Wedding,Standard,Return,42,07/02/2021,19/02/2022,32.374,36,9.05,No,No,308,1035,16,701,429,0.0
#020720212,Other,Budget,Return,30,07/02/2021,20/08/2021,53.905,54,48.45,No,No,301,320,68,777,432,6.5
#020620212,Wedding,Standard,Return,45,06/02/2021,26/02/2021,17.524,18,9.38,No,Yes,308,747.5,6,701,429,7.1
#020520219,Other,Standard,One Way,50,05/02/2021,27/03/2021,23.508,23,0.38,No,No,223,926.9,26,747,437,3.5
#020520215,Wedding,Standard,Return,7,05/02/2021,25/07/2021,980.241,715,73.93,No,No,349,2875,20,870,461,5.3
#020520216,Hen or Stag Do,Standard,Return,15,05/02/2021,27/03/2021,78.803,62,5.75,No,Yes,211,499,24,773,426,19.0
#020520213,School Trip,Budget,Return,260,05/02/2021,24/02/2021,61.656,63,5.27,No,No,326,3680,76,745,426,16.8
#020520213,School Trip,Budget,Return,260,05/02/2021,24/02/2021,61.656,63,5.27,No,No,317,2611.58,4,695,426,16.8
#020420219,Sports Game,Standard,Return,30,04/02/2021,28/05/2021,794.061,597,45,No,No,325,3894.48,4,742,455,1.0
#020420218,School Trip,Standard,Return,142,04/02/2021,15/02/2021,208.588,152,30.77,No,No,343,4805,12,758,452,3.4
#020420217,Other,Budget,Return,53,04/02/2021,01/04/2021,316.365,244,94,No,No,326,2375.9,84,745,506,20.8
#020420217,Other,Budget,Return,53,04/02/2021,01/04/2021,316.365,244,94,No,No,192,2250,26,772,506,20.8
#020420216,Other,Budget,Return,35,04/02/2021,01/04/2021,997.463,737,102.9,No,Yes,323,5848.9,28,740,432,10.6
#020420214,Club or Society,Budget,Return,30,04/02/2021,01/04/2021,316.536,250,94.1,No,No,323,2180.4,18,740,432,5.0
#020420211,Other,Standard,Return,60,04/02/2021,05/11/2022,135.753,108,11.65,No,No,315,2331,4,722,438,0.0
#020320218,Tour,Luxury,One Way,45,03/02/2021,25/03/2021,642.692,469,7.82,No,No,326,4455.1,656,745,432,0.0
#020320218,Tour,Luxury,One Way,45,03/02/2021,25/03/2021,642.692,469,7.82,No,No,230,6417,1506,754,432,0.0
#020320217,Corporate Event,Standard,Return,50,03/02/2021,10/03/2021,225.047,165,32.37,No,No,326,1642.2,8,745,426,26.9
#020320217,Corporate Event,Standard,Return,50,03/02/2021,10/03/2021,225.047,165,32.37,No,No,211,1500,18,773,426,26.9
#020320217,Corporate Event,Standard,Return,50,03/02/2021,10/03/2021,225.047,165,32.37,No,No,192,1675,116,772,426,26.9
#020320216,Other,Standard,Return,45,03/02/2021,01/04/2021,604.813,482,105.47,No,No,341,3509.8,124,829,451,1.4
#020320213,Corporate Event,Budget,Return,50,03/02/2021,26/03/2021,150.869,121,9,No,No,352,881.19,6,764,455,0.3
#020320213,Corporate Event,Budget,Return,50,03/02/2021,26/03/2021,150.869,121,9,No,No,325,845.25,4,742,455,0.3
#020320211,Other,Budget,One Way,14,03/02/2021,13/03/2021,33.035,30,0.5,No,Yes,341,300,135,828,506,1.9
#020220214,Hen or Stag Do,Standard,One Way,20,02/02/2021,13/02/2021,33.362,29,0.48,No,Yes,211,402.5,37,773,533,9.4
#020220214,Hen or Stag Do,Standard,One Way,20,02/02/2021,13/02/2021,33.362,29,0.48,No,Yes,192,345,96,772,533,9.4
#020220213,Business Travel,Luxury,One Way,40,02/02/2021,19/02/2021,56.5,48,0.8,No,No,349,575,908,870,429,0.3
#020220213,Business Travel,Luxury,One Way,40,02/02/2021,19/02/2021,56.5,48,0.8,No,No,308,747.5,57,701,429,0.3
#020120213,Wedding,Standard,Return,45,01/02/2021,26/02/2022,48.212,53,8.93,No,Yes,343,900,16,758,452,5.4
#013120211,Wedding,Standard,Return,90,31/01/2021,04/12/2021,46.408,51,10.17,No,Yes,251,1075.25,0,770,443,6.1
#020120212,Wedding,Budget,Return,18,01/02/2021,12/02/2021,14.975,12,9.35,No,Yes,354,470,24,725,524,7.0
#020120212,Wedding,Budget,Return,18,01/02/2021,12/02/2021,14.975,12,9.35,No,Yes,331,475,22,748,524,7.0
#020120212,Wedding,Budget,Return,18,01/02/2021,12/02/2021,14.975,12,9.35,No,Yes,223,320,6,746,524,7.0
#020120211,Tour,Standard,One Way,20,01/02/2021,15/05/2021,5.65,14,0.23,No,No,310,250,6,696,436,2.3
#012820214,Corporate Event,Budget,Return,70,28/01/2021,26/02/2021,24.316,27,3.23,No,Yes,323,1278.8,10,740,432,0.9
#012920213,Business Travel,Standard,Return,11,29/01/2021,12/02/2021,39.342,40,5.08,No,Yes,312,130,14,698,512,2.9
#012920211,Other,Budget,Return,18,29/01/2021,21/03/2021,77.889,64,5.53,No,Yes,311,560,2,703,449,0.6
#012820218,Other,Standard,Return,26,28/01/2021,20/02/2021,110.013,93,9.78,No,Yes,309,805,6,702,461,5.9
#012120215,Wedding,Luxury,Return,50,21/01/2021,14/01/2022,93.632,77,10.38,No,No,314,741,6,714,452,2.9
#012820216,Airport Transfer,Budget,Return,30,28/01/2021,06/03/2021,364.675,270,203.75,No,Yes,308,2235,368,701,557,2.7
#012820216,Airport Transfer,Budget,Return,30,28/01/2021,06/03/2021,364.675,270,203.75,No,Yes,270,2400,374,851,557,2.7
#012820215,Corporate Event,Standard,One Way,50,28/01/2021,24/02/2021,5.095,8,0.13,No,No,211,300,44,773,426,0.2
#012820215,Corporate Event,Standard,One Way,50,28/01/2021,24/02/2021,5.095,8,0.13,No,No,192,400,70,772,426,0.2
#012820213,Club or Society,Standard,Return,18,28/01/2021,06/03/2021,25.505,34,11.28,No,Yes,343,700,14,758,452,8.3
#012820213,Club or Society,Standard,Return,18,28/01/2021,06/03/2021,25.505,34,11.28,No,Yes,314,632,14,714,452,8.3
#012820211,Other,Standard,Return,60,28/01/2021,26/06/2021,98.345,90,5.73,No,No,326,1334,40,745,533,12.3
#012820211,Other,Standard,Return,60,28/01/2021,26/06/2021,98.345,90,5.73,No,No,317,538.97,88,694,533,12.3
#012820211,Other,Standard,Return,60,28/01/2021,26/06/2021,98.345,90,5.73,No,No,211,678.5,22,773,533,12.3
#012820211,Other,Standard,Return,60,28/01/2021,26/06/2021,98.345,90,5.73,No,No,192,890,124,772,533,12.3
#012720218,Wedding,Budget,Return,16,27/01/2021,12/05/2021,25.771,29,9.48,No,Yes,308,747.5,14,701,429,1.6
#012720218,Wedding,Budget,Return,16,27/01/2021,12/05/2021,25.771,29,9.48,No,Yes,270,390,0,851,429,1.6
#012720217,Wedding,Standard,Return,70,27/01/2021,27/11/2021,68.862,54,8.7,No,Yes,310,1752,116,696,479,39.1
#012720211,Sports Game,Standard,One Way,60,27/01/2021,08/12/2021,115.553,90,1.5,No,No,326,1002.8,119,745,426,27.1
#012720211,Sports Game,Standard,One Way,60,27/01/2021,08/12/2021,115.553,90,1.5,No,No,317,1236.77,170,694,426,27.1
#012720211,Sports Game,Standard,One Way,60,27/01/2021,08/12/2021,115.553,90,1.5,No,No,211,1990,114,773,426,27.1
#012720211,Sports Game,Standard,One Way,60,27/01/2021,08/12/2021,115.553,90,1.5,No,No,192,2110,215,772,426,27.1
#012620215,Wedding,Luxury,Return,14,26/01/2021,12/05/2021,25.771,29,9.73,No,Yes,308,747.5,14,701,429,1.6
#012620214,Corporate Event,Luxury,Return,20,26/01/2021,22/02/2021,357.596,277,58.32,No,Yes,352,1325.09,4,764,455,0.0
#012120215,Wedding,Luxury,Return,50,21/01/2021,14/01/2022,93.632,77,10.38,No,No,343,1325,8,758,452,2.9
#012620213,Corporate Event,Budget,One Way,25,26/01/2021,13/02/2021,13.869,11,0.18,No,No,323,281.75,28,740,487,1.5
#012020216,Club or Society,Budget,One Way,100,20/01/2021,07/05/2021,11.778,20,0.33,No,No,323,1458.2,13,740,432,4.2
#012520216,Wedding,Standard,Return,50,25/01/2021,30/10/2021,78.737,79,10.15,No,Yes,343,670,6,758,452,1.8
#012520212,Business Travel,Luxury,Return,14,25/01/2021,02/02/2021,60.605,52,6.17,No,No,343,450,20,758,529,8.7
#012520215,Wedding,Budget,Return,9,25/01/2021,06/02/2021,89.694,70,10.58,No,No,343,650,6,758,452,3.4
#012520214,Wedding,Budget,Return,30,25/01/2021,05/02/2022,165.405,139,23.13,No,No,251,1385.75,14,770,443,2.2
#012320212,Other,Budget,One Way,50,23/01/2021,09/04/2021,66.429,69,5.58,No,No,326,736,20,745,426,18.3
#012320212,Other,Budget,One Way,50,23/01/2021,09/04/2021,66.429,69,5.58,No,No,192,895,100,772,426,18.3
#012220214,Wedding,Standard,Return,50,22/01/2021,12/11/2021,88.55,70,10.83,No,No,343,1050,10,758,452,4.3
#012220211,Hen or Stag Do,Budget,One Way,23,22/01/2021,27/02/2021,37.846,35,0.58,No,Yes,326,356.5,49,745,533,17.4
#012220211,Hen or Stag Do,Budget,One Way,23,22/01/2021,27/02/2021,37.846,35,0.58,No,Yes,192,405,89,772,533,17.4
#012120216,Other,Budget,Return,35,21/01/2021,26/01/2021,165.183,151,76.73,No,No,326,1276.5,30,745,426,4.4
#012120216,Other,Budget,Return,35,21/01/2021,26/01/2021,165.183,151,76.73,No,No,317,1521.55,30,694,426,4.4
#012120216,Other,Budget,Return,35,21/01/2021,26/01/2021,165.183,151,76.73,No,No,192,1145,76,772,426,4.4
#012120212,Business Travel,Standard,Return,46,21/01/2021,27/01/2021,407.376,331,11.82,No,Yes,351,1842.19,16,765,540,13.7
#012120214,Hen or Stag Do,Budget,Return,22,21/01/2021,13/02/2021,136.925,121,9.5,No,No,223,1228.58,138,747,532,28.3
#012120211,Corporate Event,Standard,One Way,45,21/01/2021,27/02/2021,10.989,9,0.15,No,No,223,250,11,746,502,6.2
#012020215,Other,Budget,Return,21,20/01/2021,25/01/2021,222.548,186,9.55,No,Yes,343,880,10,758,452,3.3
#012020211,Hen or Stag Do,Standard,Return,12,20/01/2021,03/12/2021,158.848,137,72.65,No,No,323,1094.8,12,740,432,1.6
#011920217,Wedding,Standard,Return,22,19/01/2021,27/02/2021,93.157,91,10.48,No,No,326,690,50,745,426,1.8
#011920217,Wedding,Standard,Return,22,19/01/2021,27/02/2021,93.157,91,10.48,No,No,211,680,48,773,426,1.8
#011920217,Wedding,Standard,Return,22,19/01/2021,27/02/2021,93.157,91,10.48,No,No,192,935,66,772,426,1.8
#011920213,Business Travel,Standard,Return,20,19/01/2021,10/02/2021,26.249,27,4.73,No,No,351,542.8,24,765,517,11.6
#011920211,Concert,Luxury,Return,7,19/01/2021,13/02/2021,58.273,64,6.27,No,Yes,326,586.5,66,745,426,11.6
#011920211,Concert,Luxury,Return,7,19/01/2021,13/02/2021,58.273,64,6.27,No,Yes,317,535.46,18,695,426,11.6
#011920211,Concert,Luxury,Return,7,19/01/2021,13/02/2021,58.273,64,6.27,No,Yes,192,680,50,772,426,11.6
#0118202113,Sports Game,Standard,Return,52,18/01/2021,02/04/2021,289.195,236,82.47,No,Yes,323,8152.35,4,740,432,6.5
#011820217,Hen or Stag Do,Budget,One Way,23,18/01/2021,30/01/2021,8.588,13,0.22,No,Yes,326,276,37,745,426,8.1
#011820217,Hen or Stag Do,Budget,One Way,23,18/01/2021,30/01/2021,8.588,13,0.22,No,Yes,317,431.25,40,695,426,8.1
#011820217,Hen or Stag Do,Budget,One Way,23,18/01/2021,30/01/2021,8.588,13,0.22,No,Yes,192,385,73,772,426,8.1
#011820215,Business Travel,Budget,Return,12,18/01/2021,11/02/2021,164.85,142,7.18,No,No,323,634.8,8,740,432,1.0
#011520214,Wedding,Standard,Return,40,15/01/2021,18/03/2021,35.984,41,9.08,No,Yes,231,693,4,797,436,1.9
#011820212,Hen or Stag Do,Budget,One Way,20,18/01/2021,27/03/2021,23.578,27,0.45,No,No,323,273.7,32,740,487,8.3
#011520218,Club or Society,Luxury,Return,20,15/01/2021,30/01/2021,1.596,6,32.05,No,No,323,3154.45,4,740,432,6.8
#011720214,Other,Budget,One Way,30,17/01/2021,06/03/2021,17.31,18,0.3,No,Yes,319,350.75,23,735,461,21.4
#011720213,Concert,Budget,One Way,25,17/01/2021,06/02/2021,10.953,11,0.18,No,No,318,805,209,693,459,5.7
#011720212,Christmas Party,Standard,Return,55,17/01/2021,26/01/2021,71.934,65,8.3,No,No,323,931.5,8,740,432,0.7
#011620216,Hen or Stag Do,Budget,One Way,15,16/01/2021,23/01/2021,5.655,9,0.15,No,No,326,253,36,745,426,5.1
#011620215,Hen or Stag Do,Budget,Return,12,16/01/2021,13/02/2021,105.801,90,7.48,No,No,352,561.78,4,764,455,3.6
#011620215,Hen or Stag Do,Budget,Return,12,16/01/2021,13/02/2021,105.801,90,7.48,No,No,325,500.25,4,742,455,3.6
#011620214,Wedding,Budget,Return,20,16/01/2021,27/11/2021,81.485,74,10.87,No,No,343,630,6,758,452,2.3
#011620214,Wedding,Budget,Return,20,16/01/2021,27/11/2021,81.485,74,10.87,No,No,314,727,4,714,452,2.3
#011620211,Family Trip,Budget,Return,15,16/01/2021,26/01/2021,17.621,25,70.2,No,No,322,475,4,736,429,8.8
#011620211,Family Trip,Budget,Return,15,16/01/2021,26/01/2021,17.621,25,70.2,No,No,308,517.5,4,701,429,8.8
#011520219,Family Trip,Budget,Return,50,15/01/2021,10/04/2021,82.111,76,9.63,No,No,343,700,8,758,452,4.7
#011520219,Family Trip,Budget,Return,50,15/01/2021,10/04/2021,82.111,76,9.63,No,No,314,727,8,714,452,4.7
#011520217,Wedding,Standard,Return,60,15/01/2021,25/11/2021,77.336,79,9.9,No,Yes,343,1260,8,758,452,3.3
#011520217,Wedding,Standard,Return,60,15/01/2021,25/11/2021,77.336,79,9.9,No,Yes,314,712,6,714,452,3.3
#011520216,Family Trip,Budget,Return,43,15/01/2021,04/02/2021,44.492,61,7,No,Yes,326,483,46,745,426,21.0
#011520216,Family Trip,Budget,Return,43,15/01/2021,04/02/2021,44.492,61,7,No,Yes,192,855,106,772,426,21.0
#011520215,Sports Game,Budget,Return,35,15/01/2021,13/03/2021,428.097,307,51.57,No,No,326,2869.25,36,745,426,14.7
#011520215,Sports Game,Budget,Return,35,15/01/2021,13/03/2021,428.097,307,51.57,No,No,317,3900.26,60,694,426,14.7
#011520214,Wedding,Standard,Return,40,15/01/2021,18/03/2021,35.984,41,9.08,No,Yes,310,580,6,696,436,1.9
#011520213,Wedding,Standard,Return,8,15/01/2021,06/02/2021,95.803,83,10.52,No,No,343,550,12,758,529,5.8
#011520213,Wedding,Standard,Return,8,15/01/2021,06/02/2021,95.803,83,10.52,No,No,314,632,16,714,529,5.8
#011520212,Other,Budget,Return,24,15/01/2021,06/03/2021,217.908,160,10.33,No,Yes,343,910,38,758,458,0.8
#011420211,Hen or Stag Do,Luxury,One Way,16,14/01/2021,13/02/2021,4.557,13,0.22,No,Yes,326,276,38,745,426,3.5
#011420211,Hen or Stag Do,Luxury,One Way,16,14/01/2021,13/02/2021,4.557,13,0.22,No,Yes,193,327.75,49,756,426,3.5
#011420211,Hen or Stag Do,Luxury,One Way,16,14/01/2021,13/02/2021,4.557,13,0.22,No,Yes,192,395,69,772,426,3.5
#011320214,Other,Budget,Return,25,13/01/2021,04/03/2021,101.458,80,10.42,No,No,352,710.41,4,764,455,1.1
#011320213,Other,Standard,One Way,45,13/01/2021,30/01/2021,11.062,16,0.27,No,Yes,326,448.5,37,745,426,10.1
#011320213,Other,Standard,One Way,45,13/01/2021,30/01/2021,11.062,16,0.27,No,Yes,317,542.225,42,695,426,10.1
#011320213,Other,Standard,One Way,45,13/01/2021,30/01/2021,11.062,16,0.27,No,Yes,211,400,41,773,426,10.1
#011320213,Other,Standard,One Way,45,13/01/2021,30/01/2021,11.062,16,0.27,No,Yes,192,435,73,772,426,10.1
#011320212,School Trip,Budget,Return,75,13/01/2021,19/02/2021,29.743,35,3.78,No,No,326,897,30,745,426,11.9
#011320212,School Trip,Budget,Return,75,13/01/2021,19/02/2021,29.743,35,3.78,No,No,192,1265,86,772,426,11.9
#011320211,Wedding,Standard,Return,100,13/01/2021,19/11/2021,111.171,92,10.77,No,No,193,1713.5,0,757,461,1.0
#011220218,Wedding,Budget,Return,30,12/01/2021,23/03/2021,98.043,87,10.98,No,Yes,326,828,48,745,426,1.7
#011220218,Wedding,Budget,Return,30,12/01/2021,23/03/2021,98.043,87,10.98,No,Yes,192,975,72,772,426,1.7
#011120216,Family Trip,Budget,Return,20,11/01/2021,06/03/2021,167.325,128,6.8,No,No,343,675,8,758,529,6.8
#011220217,Wedding,Budget,Return,80,12/01/2021,10/04/2021,60.373,60,10.33,No,No,343,1580,46,758,476,0.0
#011220217,Wedding,Budget,Return,80,12/01/2021,10/04/2021,60.373,60,10.33,No,No,314,1496,48,718,476,0.0
#010820214,Wedding,Standard,Return,60,08/01/2021,25/11/2021,69.739,66,9.53,No,Yes,343,1130,8,758,529,6.8
#011020212,Wedding,Luxury,One Way,18,10/01/2021,25/10/2021,14.621,16,0.27,No,No,223,320,19,746,547,1.2
#010820211,Wedding,Standard,Return,110,08/01/2021,21/11/2021,66.1,56,9.47,No,No,343,2310,52,758,453,1.1
#010820212,Wedding,Luxury,Return,50,08/01/2021,03/04/2021,49.783,40,9.33,No,Yes,343,700,46,758,476,0.4
#011220216,Hen or Stag Do,Budget,Return,13,12/01/2021,30/01/2021,71.257,64,3.05,No,No,323,584.2,12,740,432,2.2
#011120213,Concert,Standard,One Way,50,11/01/2021,23/01/2021,28.124,24,0.4,No,Yes,223,420,28,746,467,14.3
#011020213,Wedding,Standard,Return,40,10/01/2021,17/04/2021,34.378,29,8.73,No,Yes,343,800,122,758,486,0.4
#011220215,Family Trip,Standard,Return,30,12/01/2021,08/05/2021,19.437,38,9.82,No,No,323,535.9,12,740,432,1.6
#011220213,Wedding,Budget,Return,44,12/01/2021,27/02/2021,48.017,54,9.67,No,No,318,1150,196,693,550,1.5
#011220212,Wedding,Standard,One Way,30,12/01/2021,27/04/2021,23.158,21,0.35,No,No,323,499.1,152,740,465,0.0
#011220212,Wedding,Standard,One Way,30,12/01/2021,27/04/2021,23.158,21,0.35,No,No,236,310.5,36,776,465,0.0
#011220211,Other,Budget,Return,30,12/01/2021,11/01/2021,37.119,44,1650.85,Yes,Yes,317,627.88,18,695,506,19.4
#011220211,Other,Budget,Return,30,12/01/2021,11/01/2021,37.119,44,1650.85,Yes,Yes,192,685,24,772,506,19.4
#0111202111,Family Trip,Budget,Return,30,11/01/2021,23/10/2021,144.945,124,11.03,No,Yes,343,850,16,758,452,5.0
#0111202111,Family Trip,Budget,Return,30,11/01/2021,23/10/2021,144.945,124,11.03,No,Yes,314,859.5,6,715,452,5.0
#0111202110,Other,Budget,Return,50,11/01/2021,06/02/2021,69.157,73,7.87,No,Yes,326,920,44,745,426,21.6
#0111202110,Other,Budget,Return,50,11/01/2021,06/02/2021,69.157,73,7.87,No,Yes,317,1157.89,74,695,426,21.6
#0111202110,Other,Budget,Return,50,11/01/2021,06/02/2021,69.157,73,7.87,No,Yes,192,1290,106,772,426,21.6
#011120215,Educational Trip,Budget,Return,50,11/01/2021,18/02/2021,13.033,29,2.73,No,No,323,729.1,12,740,432,1.2
#011120215,Educational Trip,Budget,Return,50,11/01/2021,18/02/2021,13.033,29,2.73,No,No,301,400,56,777,432,1.2
#011120215,Educational Trip,Budget,Return,50,11/01/2021,18/02/2021,13.033,29,2.73,No,No,236,261,18,774,432,1.2
#011120216,Family Trip,Budget,Return,20,11/01/2021,06/03/2021,167.325,128,6.8,No,No,314,810,12,714,529,6.8
#011120212,Hen or Stag Do,Budget,Return,16,11/01/2021,23/01/2021,101.484,121,10,No,Yes,318,895,106,693,528,8.8
#010920211,Other,Budget,One Way,30,09/01/2021,27/02/2021,49.606,36,0.6,No,Yes,310,580,112,696,436,29.8
#010720212,Wedding,Budget,One Way,50,07/01/2021,18/12/2021,52.344,43,0.72,No,No,343,500,53,758,479,5.8
#010720213,Wedding,Luxury,Return,150,07/01/2021,26/03/2021,20.416,23,7.18,No,Yes,318,1125,12,693,451,2.7
#010620211,Hen or Stag Do,Budget,One Way,14,06/01/2021,09/04/2021,477.126,348,5.8,No,No,309,3507.5,487,702,461,7.9
#010520213,Other,Standard,Return,22,05/01/2021,04/09/2021,308.04,227,14.93,No,Yes,343,1780,18,758,529,2.4
#010520213,Other,Standard,Return,22,05/01/2021,04/09/2021,308.04,227,14.93,No,Yes,314,1456,22,714,529,2.4
#010820214,Wedding,Standard,Return,60,08/01/2021,25/11/2021,69.739,66,9.53,No,Yes,314,712,12,714,529,6.8
#010820212,Wedding,Luxury,Return,50,08/01/2021,03/04/2021,49.783,40,9.33,No,Yes,314,869.4,48,718,476,0.4
#010720212,Wedding,Budget,One Way,50,07/01/2021,18/12/2021,52.344,43,0.72,No,No,314,618.125,81,717,479,5.8
#010520212,Concert,Budget,Return,16,05/01/2021,16/01/2021,100.931,104,9.37,No,Yes,308,920,18,701,429,0.1
#010420212,School Trip,Budget,Return,18,04/01/2021,20/01/2021,46.139,52,6.18,No,No,326,379.5,40,745,426,19.8
#010420212,School Trip,Budget,Return,18,04/01/2021,20/01/2021,46.139,52,6.18,No,No,317,485.47,70,695,426,19.8
#010420212,School Trip,Budget,Return,18,04/01/2021,20/01/2021,46.139,52,6.18,No,No,192,600,102,772,426,19.8
#122220201,Other,Budget,Return,60,22/12/2020,20/02/2021,115.029,95,1440.28,No,No,323,1890.6,12,740,432,1.6
#122120204,Wedding,Standard,Return,60,21/12/2020,05/02/2021,58.266,79,10.17,No,No,317,911.57,28,694,426,13.4
#122020201,Other,Standard,One Way,22,20/12/2020,09/01/2021,29.238,35,0.58,No,No,326,454.25,81,745,426,18.0
#121920202,Sports Game,Standard,Return,52,19/12/2020,02/04/2021,279.049,219,73.83,No,No,323,2114.85,14,740,432,3.6
#121920202,Sports Game,Standard,Return,52,19/12/2020,02/04/2021,279.049,219,73.83,No,No,236,2237,14,774,432,3.6
#120520201,Concert,Budget,Return,25,05/12/2020,30/01/2021,6.882,12,12.08,No,Yes,223,405.95,6,747,485,2.3
#112620205,Club or Society,Budget,Return,26,26/11/2020,26/02/2021,235.467,234,8773.95,Yes,Yes,317,2296.16,54,694,426,40.2
#120520201,Concert,Budget,Return,25,05/12/2020,30/01/2021,6.882,12,12.08,No,Yes,331,335,4,749,485,2.3
#120820203,Sports Game,Standard,Return,20,08/12/2020,04/06/2021,495.899,391,72.22,No,No,193,2880.75,12,757,461,6.5
#121820201,Family Trip,Budget,Return,11,18/12/2020,01/01/2021,57.314,77,8.65,No,Yes,317,978.77,28,694,426,15.2
#121720201,Concert,Budget,One Way,30,17/12/2020,27/12/2020,76.264,71,1.18,No,No,326,1417.95,118,745,426,2.6
#121620207,Concert,Budget,Return,16,16/12/2020,09/01/2021,19.765,24,10.18,No,Yes,331,632.5,16,748,502,5.2
#121620207,Concert,Budget,Return,16,16/12/2020,09/01/2021,19.765,24,10.18,No,Yes,223,800,22,746,502,5.2
#121620203,Christmas Party,Budget,Return,17,16/12/2020,21/12/2020,46.172,46,3.88,No,No,323,399,12,740,432,1.1
#121620202,Concert,Budget,One Way,30,16/12/2020,30/12/2020,24.494,26,0.43,No,No,315,900,27,722,438,14.2
#121420202,Christmas Party,Budget,Return,30,14/12/2020,19/12/2020,37.721,41,4.83,No,Yes,323,399,46,740,487,2.9
#121520204,Christmas Party,Luxury,Return,10,15/12/2020,18/12/2020,147.536,130,7.08,No,Yes,310,550,4,696,436,1.7
#121420201,Sports Game,Luxury,Return,45,14/12/2020,25/01/2021,999.336,736,183.17,No,Yes,323,9743.95,8,740,432,1.7
#121420203,School Trip,Standard,Return,45,14/12/2020,04/03/2021,999.129,736,87.15,No,Yes,323,6924.61,8,740,432,1.9
#121520202,Business Travel,Standard,Return,40,15/12/2020,02/01/2021,828.871,605,55.08,No,No,325,4372.3,10,742,455,3.8
#1214202010,Business Travel,Luxury,One Way,30,14/12/2020,24/03/2021,97.504,67,1.12,No,No,211,1800,100,773,426,6.4
#121420208,Airport Transfer,Standard,One Way,32,14/12/2020,28/01/2021,7.711,15,0.25,No,No,236,203,23,774,432,1.5
#120420203,Christmas Party,Budget,Return,13,04/12/2020,18/12/2020,251.049,206,5.97,No,No,325,324.3,246,742,534,1.8
#120120209,Wedding,Standard,Return,35,01/12/2020,12/02/2021,116.567,92,10.52,No,No,325,729.1,4,742,455,0.3
#120920201,Christmas Party,Budget,Return,19,09/12/2020,18/12/2020,37.763,47,5.38,No,No,251,362.25,28,770,443,8.7
#121420206,Corporate Event,Budget,One Way,40,14/12/2020,31/12/2020,30.519,27,0.45,No,Yes,315,400,39,722,438,30.0
#121420207,Christmas Party,Standard,Return,20,14/12/2020,18/12/2020,13.533,25,3.68,No,No,192,400,66,772,426,1.7
#121320202,Wedding,Budget,Return,15,13/12/2020,27/12/2020,21.06,20,3.67,No,No,315,500,8,722,438,4.5
#121120206,Corporate Event,Budget,One Way,40,11/12/2020,23/12/2020,138.977,114,1.9,No,No,310,1120,143,696,436,1.3
#121120205,Christmas Party,Budget,Return,100,11/12/2020,19/12/2021,34.441,31,7,No,No,322,1375,2,736,429,8.6
#121120205,Christmas Party,Budget,Return,100,11/12/2020,19/12/2021,34.441,31,7,No,No,311,1350,546,703,429,8.6
#121120204,Christmas Party,Budget,One Way,20,11/12/2020,18/12/2020,7.713,14,0.23,No,No,317,293.25,37,695,426,2.0
#121120204,Christmas Party,Budget,One Way,20,11/12/2020,18/12/2020,7.713,14,0.23,No,No,192,325,70,772,426,2.0
#121120203,Christmas Party,Budget,One Way,20,11/12/2020,18/12/2020,23.282,27,0.45,No,No,236,262,27,774,487,0.6
#121120202,Family Trip,Budget,Return,40,11/12/2020,28/01/2021,44.1,58,5.98,No,Yes,211,490,28,773,426,21.0
#121120202,Family Trip,Budget,Return,40,11/12/2020,28/01/2021,44.1,58,5.98,No,Yes,192,675,106,772,426,21.0
#121020202,Other,Budget,Return,73,10/12/2020,21/12/2020,88.548,87,4.72,No,No,343,1140,22,758,529,2.4
#121020202,Other,Budget,Return,73,10/12/2020,21/12/2020,88.548,87,4.72,No,No,314,1050,24,714,529,2.4
#121020201,Family Trip,Budget,Return,16,10/12/2020,08/01/2021,826.791,607,60.08,No,Yes,192,3420,102,772,426,19.3
#120920203,Airport Transfer,Luxury,Return,40,09/12/2020,04/09/2021,504.379,382,4.92,No,No,322,2415,4,736,429,8.8
#120920203,Airport Transfer,Luxury,Return,40,09/12/2020,04/09/2021,504.379,382,4.92,No,No,308,2127.5,4,701,429,8.8
#120920203,Airport Transfer,Luxury,Return,40,09/12/2020,04/09/2021,504.379,382,4.92,No,No,230,2612,16,755,429,8.8
#120220208,Hen or Stag Do,Budget,Return,35,02/12/2020,30/01/2021,328.831,281,32.32,Yes,No,318,2100,8,693,451,0.4
#120720201,Other,Budget,Return,100,07/12/2020,30/01/2021,51.097,54,31.95,No,Yes,211,1500,24,773,533,18.4
#120720201,Other,Budget,Return,100,07/12/2020,30/01/2021,51.097,54,31.95,No,Yes,192,1800,126,772,533,18.4
#120620202,Wedding,Budget,Return,40,06/12/2020,13/03/2021,48.645,50,8.92,No,Yes,192,725,66,772,426,0.5
#120620201,Family Trip,Standard,Return,36,06/12/2020,27/12/2020,719.316,520,78.27,No,No,192,4645,68,772,426,2.4
#120320205,Hen or Stag Do,Budget,Return,10,03/12/2020,30/01/2021,48.174,56,5.47,No,No,211,600,68,773,426,18.2
#120320205,Hen or Stag Do,Budget,Return,10,03/12/2020,30/01/2021,48.174,56,5.47,No,No,192,615,82,772,426,18.2
#120420202,Wedding,Budget,Return,50,04/12/2020,20/02/2021,137.537,129,11.05,No,Yes,192,1035,62,772,426,1.9
#120320204,Christmas Party,Budget,One Way,14,03/12/2020,22/12/2020,35.099,28,0.47,No,No,236,340,38,774,432,0.9
#120320203,Corporate Event,Standard,Return,40,03/12/2020,14/12/2020,111.48,101,11.33,No,Yes,211,977.5,26,773,426,19.4
#120320203,Corporate Event,Standard,Return,40,03/12/2020,14/12/2020,111.48,101,11.33,No,Yes,192,1075,102,772,426,19.4
#120320202,Wedding,Budget,Return,50,03/12/2020,20/02/2021,137.537,129,11.05,No,Yes,211,950,48,773,426,1.9
#120320202,Wedding,Budget,Return,50,03/12/2020,20/02/2021,137.537,129,11.05,No,Yes,192,880,62,772,426,1.9
#120320201,School Trip,Budget,Return,18,03/12/2020,04/03/2021,77.402,80,30.67,No,No,236,813.05,22,774,432,1.9
#120220209,Wedding,Standard,Return,70,02/12/2020,09/01/2021,94.138,90,9.75,No,No,211,1900,48,773,426,2.0
#120220209,Wedding,Standard,Return,70,02/12/2020,09/01/2021,94.138,90,9.75,No,No,192,2290,64,772,426,2.0
#120220204,School Trip,Standard,Return,23,02/12/2020,07/04/2021,435.028,356,11.72,Yes,No,312,1299,10,698,512,1.5
#120220203,Other,Standard,Return,35,02/12/2020,16/01/2021,94.098,73,5.6,No,Yes,211,650,46,773,426,2.5
#120220202,Other,Standard,Return,85,02/12/2020,03/04/2021,53.947,55,5.7,No,Yes,211,990,12,773,533,17.5
#120220202,Other,Standard,Return,85,02/12/2020,03/04/2021,53.947,55,5.7,No,Yes,192,990,114,772,533,17.5
#120120208,Family Trip,Budget,Return,30,01/12/2020,12/12/2020,49.057,53,7.18,No,Yes,332,660,44,768,467,22.4
#120120205,Christmas Party,Budget,One Way,40,01/12/2020,15/12/2020,3.492,10,0.17,No,No,211,330,47,773,426,2.4
#120120205,Christmas Party,Budget,One Way,40,01/12/2020,15/12/2020,3.492,10,0.17,No,No,192,310,65,772,426,2.4
#120120204,Christmas Party,Standard,Return,40,01/12/2020,30/01/2021,106.58,104,7.87,No,No,314,760,12,715,452,7.1
#120120202,Family Trip,Budget,One Way,8,01/12/2020,15/01/2022,84.709,69,1.15,No,No,322,1640,86,736,429,1.5
#120120203,Educational Trip,Budget,Return,25,01/12/2020,07/12/2020,617.892,504,64.2,No,Yes,211,3550,46,773,426,0.7
#120120203,Educational Trip,Budget,Return,25,01/12/2020,07/12/2020,617.892,504,64.2,No,Yes,192,3325,70,772,426,0.7
#120120201,Wedding,Budget,Return,100,01/12/2020,13/03/2021,168.917,168,11.15,No,No,310,1100,2,696,436,0.0
#112620202,Other,Budget,Return,55,26/11/2020,13/01/2021,46.115,53,3.95,No,Yes,236,460,20,774,432,0.8
#1130202011,Christmas Party,Standard,One Way,38,30/11/2020,18/12/2020,5.985,12,0.2,No,No,211,385,38,773,426,2.6
#1130202011,Christmas Party,Standard,One Way,38,30/11/2020,18/12/2020,5.985,12,0.2,No,No,192,355,75,772,426,2.6
#1130202010,Wedding,Standard,Return,60,30/11/2020,23/02/2021,37.142,30,10.25,No,No,319,680,14,735,461,5.6
#113020206,Wedding,Standard,Return,30,30/11/2020,07/05/2021,91.084,77,11.63,No,No,314,767,6,714,452,3.4
#112820201,School Trip,Budget,Return,40,28/11/2020,02/12/2020,8.681,16,6.63,No,No,192,325,42,772,426,12.8
#112720202,Christmas Party,Standard,Return,40,27/11/2020,12/12/2020,184.207,151,8.25,No,Yes,236,962,10,776,544,9.0
#112720201,Business Travel,Budget,Return,20,27/11/2020,04/12/2020,369.704,286,13.35,Yes,Yes,309,1290.3,16,702,461,10.5
#112520202,Wedding,Standard,One Way,60,25/11/2020,11/11/2021,48.846,46,0.77,No,No,309,747.5,50,702,461,17.9
#112620203,Christmas Party,Standard,Return,30,26/11/2020,18/12/2020,20.852,23,7.43,No,Yes,315,530,4,722,438,1.1
#112520204,Other,Budget,Return,25,25/11/2020,27/11/2020,19.468,28,2.98,No,No,322,224.75,6,737,449,2.9
#112520204,Other,Budget,Return,25,25/11/2020,27/11/2020,19.468,28,2.98,No,No,311,500,4,703,449,2.9
#112220202,Club or Society,Standard,Return,45,22/11/2020,12/12/2020,115.055,103,9.85,No,Yes,192,985,88,772,426,11.9
#111520201,Family Trip,Budget,Return,50,15/11/2020,19/12/2020,164.195,143,12.18,No,Yes,211,900,8,773,426,22.3